mean,std,min,max,GyrX_mean,GyrX_std,GyrX_min,GyrX_max,GyrY_mean,GyrY_std,GyrY_min,GyrY_max,GyrZ_mean,GyrZ_std,GyrZ_min,GyrZ_max
2.0549166666666667,0.6536144325126924,0.996,3.29,-8.81904761904763,134.86566086193767,-556.8,495.4,49.32916666666669,263.3787791114384,-362.1,619.4,36.17916666666667,323.05324904884407,-483.2,794.7
2.3386666666666662,0.7448364686824653,0.844,3.458,-8.81904761904763,134.86566086193767,-556.8,317.4,15.180952380952393,211.45735177346668,-288.1,573.4,-0.10952380952380178,478.8672800523773,-565.6,1060.8
2.334047619047619,0.6720608303101648,0.882,3.459,-8.81904761904763,134.86566086193767,-556.8,497.0,22.409523809523805,264.89929578004154,-289.8,591.3,-12.95714285714285,202.8343550077959,-333.4,368.8
2.4977,0.6445128470403053,1.185,3.458,-8.81904761904763,134.86566086193767,-556.8,221.9,-27.399999999999995,221.00480347244658,-517.0,345.5,13.584999999999997,479.6711036302841,-672.4,1038.2
2.506388888888889,0.7012452526192157,1.041,3.439,-8.81904761904763,134.86566086193767,-556.8,431.1,39.361111111111114,252.21318279416604,-236.8,674.7,-19.55000000000002,515.656635927892,-577.2,1120.7
2.3585238095238097,0.617429434491071,0.955,3.459,-8.81904761904763,134.86566086193767,-556.8,418.0,-6.276190476190469,269.959674590043,-347.2,672.2,-3.2238095238095292,161.11560416285536,-277.6,256.1
